Publisher,Latitude,Longitude,Formatted address,Website,Type of Publisher,Genres Published,Year Established,Distributor
#Ranger Magazine,38.8816208,-77.0909809,"Arlington County, Arlington, VA, USA",https://www.rangermagazine.net/,"Magazine, Press","Poetry, Audio, Experimental, Visual Art",2023-01-01,
11:11 Press,44.4294089,-93.2018826,"Dundas, MN, USA",https://1111press.com/,Press,"Fiction, Poetry, Cross Genre Hybrid, Environment Nature, Experimental",2018-01-01,
1913 Press,33.1433723,-117.1661449,"San Marcos, CA, USA",http://www.1913press.org,Press,"Audio, Essays, Fiction, Poetry, Reviews, Translation, Visual Art",2003-01-01,Amazon and other
42 Miles Press,41.6763545,-86.2519898,"South Bend, IN, USA",https://42milespress.com/,Press,"Creative Nonfiction, Fiction, Poetry, Cross Genre Hybrid, Essays",2010-01-01,Publisher website
9th House Press,49.603236,-119.6834179,"Summerland, BC V0H, Canada",https://www.9thhousepress.com/,Press,"Creative Nonfiction, Fiction, Poetry, Autobiography Memoir, Environment Nature, Essays, Feminist, Sci Fi Fantasy Speculative",2025-01-01,Publisher website
9vt5,34.0549076,-118.242643,"Los Angeles, CA, USA",https://www.9vtbackslash5.com/,Press,"Creative Nonfiction, Fiction, Poetry, Cross Genre Hybrid, Autobiography Memoir, Visual Art",2020-01-01,
Abalone Mountain Press,33.4482948,-112.0725488,"Phoenix, AZ, USA",https://www.abalonemountainpress.com/,Press,"Creative Nonfiction, Fiction, Poetry, Cross Genre Hybrid",2021-01-01,
Able Muse,37.33874,-121.8852525,"San Jose, CA, USA",https://www.ablemuse.com,"Magazine, Online, Press","Creative Nonfiction, Fiction, Poetry, Cross Genre Hybrid, Audio, Autobiography Memoir, Criticism Reviews, Environment Nature, Essays, Experimental, Humor, Interviews, Mystery Crime, Reviews, Translation, Visual Art",1999-01-01,Ingram
Acre Books,39.1031182,-84.5120196,"Cincinnati, OH, USA",http://www.acre-books.com,Press,"Creative Nonfiction, Fiction, Poetry, Cross Genre Hybrid, Autobiography Memoir, Environment Nature, Essays, Experimental, Flash Fiction, Graphic Novels Comics, Horror Thriller Suspense, Humor, Sci Fi Fantasy Speculative",2016-01-01,
Action Books,41.7001908,-86.2379328,"Notre Dame, IN 46556, USA",http://actionbooks.org,Press,Poetry,2005-01-01,Asterism Books and publisher website
Agave Press,45.515232,-122.6783853,"Portland, OR, USA",http://www.agavepress.com,Press,"Essays, Fiction, Poetry, Visual Art",2013-01-01,
"AIM Higher, Inc.",41.9973144,-74.104864,"West Hurley, NY, USA",http://www.aimhigher.org,Press,"Poetry, Cross Genre Hybrid, Translation, Visual Art",2020-01-01,
Alice James Books,43.962853,-70.2825536,"New Gloucester, ME, USA",http://www.alicejamesbooks.org,Press,Poetry,1973-01-01,
Alternative Field,34.0549076,-118.242643,"Los Angeles, CA, USA",http://www.alternativefield.com,Chapbook,"Essays, Graphic Novels Comics, Poetry, Translation",2016-01-01,
Amplicon Press,51.5072178,-0.1275862,"London, UK",https://ampliconpress.com,"Magazine, Press","Essays, Poetry",2023-01-01,
Antiphony: a journal & press,37.5778696,-122.34809,"Burlingame, CA, USA",http://www.antiphonyajournalandpress.com,"Magazine, Press","Poetry, Experimental, Interviews, Translation",2024-01-01,
April Gloaming Publishing,36.1626638,-86.7816016,"Nashville, TN, USA",https://www.aprilgloaming.com,"Magazine, Press","Creative Nonfiction, Fiction, Poetry, Cross Genre Hybrid, Autobiography Memoir, Drama, Environment Nature, Essays, Experimental, Feminist, Graphic Novels Comics, Horror Thriller Suspense, Humor, Mystery Crime, Regional, Sci Fi Fantasy Speculative, Translation, Visual Art",2015-01-01,Ingram
Aquarius Press/Willow Books,42.3962815,-83.2452478,"Detroit, MI 48223, USA",http://www.WillowLit.net,Press,"Fiction, Poetry, Visual Art",1999-01-01,Itasca Books and publisher website
Arcana Poetry Press,41.5612048,-74.1884806,"Walden, NY 12586, USA",https://arcanapoetrypress.com,Press,Poetry,2025-01-01,Ingram
Archway Editions,40.6781784,-73.9441579,"Brooklyn, NY, USA",https://www.archwayeditions.us,Press,"Essays, Fiction, Poetry, Reviews, Translation, Visual Art",2019-01-01,
Assure Press,32.5884689,-96.9561152,"Cedar Hill, TX, USA",http://assurepress.org,Press,"Fiction, Poetry, Audio, Essays, Reviews, Translation, Visual Art",2017-01-01,
Autumn Art,30.3397809,76.3868797,"Patiala, Punjab, India",https://autumnartbooks.com,Press,"Creative Nonfiction, Fiction, Poetry, Autobiography Memoir, Drama, Essays, Feminist, Interviews, Political, Regional, Religious, Translation",2016-01-01,
Autumn House Press,40.4386612,-79.9972352,"Pittsburgh, PA, USA",http://www.autumnhouse.org,Press,"Fiction, Poetry, Essays, Visual Art",1998-01-01,
Ballerini Book Press,47.0341978,8.2772552,"Kriens, Switzerland",https://ballerinibookpress.ch,"Magazine, Press","Fiction, Poetry, Audio, Autobiography Memoir, Criticism Reviews, Essays, Reviews, Translation, Visual Art",2020-01-01,
Bamboo Ridge Press,21.3098845,-157.8581401,"Honolulu, HI, USA",http://www.bambooridge.org,Press,"Fiction, Poetry, Audio, Essays, Visual Art",1978-01-01,Itasca Books and publisher website
Banana Slug Books,47.6579711,-117.4235319,"Spokane, WA, USA",https://www.bananaslugbooks.com/,Press,"Creative Nonfiction, Fiction, Poetry, Cross Genre Hybrid, Feminist",2024-01-01,
Baobab Press,39.529919,-119.8142691,"Reno, NV, USA",http://baobabpress.com/,Press,"Creative Nonfiction, Fiction, Poetry, Essays, Graphic Novels Comics",1998-01-01,
Behemoth Magazine,36.9613356,-120.0607176,"Madera, CA, USA",https://www.behemothmagazine.com/,"Magazine, Press","Creative Nonfiction, Fiction, Poetry, Cross Genre Hybrid, Autobiography Memoir, Environment Nature, Flash Fiction, Graphic Novels Comics, Horror Thriller Suspense, Humor, Mystery Crime, Sci Fi Fantasy Speculative, Visual Art, Young Adult",2024-01-01,
Belladonna* Collaborative,40.6781784,-73.9441579,"Brooklyn, NY, USA",http://www.belladonnaseries.org,Press,"Poetry, Translation",1999-01-01,Asterism Books and publisher website
Belle Point Press,35.3843722,-94.4209646,"Fort Smith, AR, USA",https://bellepointpress.com/,Press,"Fiction, Poetry, Essays, Visual Art",2021-01-01,
Bending Genres,43.1741758,-87.9242537,"River Hills, WI 53217, USA",https://www.bendinggenres.com,"Online, Press","Creative Nonfiction, Fiction, Poetry, Cross Genre Hybrid, Criticism Reviews, Experimental, Reviews",2018-01-01,Other
Best New Poets,38.0301826,-78.4769353,"Charlottesville, VA, USA",https://www.bestnewpoets.org/,Press,Poetry,2005-01-01,
Big Wonderful Press,41.7475933,-74.0868095,"New Paltz, NY 12561, USA",https://www.bigwonderfulpress.com,Press,"Creative Nonfiction, Fiction, Poetry, Cross Genre Hybrid, Feminist, Humor, Sci Fi Fantasy Speculative, Young Adult",2012-01-01,
Big Yes Press,35.1185868,-120.5907252,"Arroyo Grande, CA 93420, USA",http://www.bigyespress.com,Press,"Fiction, Poetry",2012-01-01,
Bilingual Press | Editorial Bilingüe (BP | EB),33.4255104,-111.9400054,"Tempe, AZ, USA",https://bilingualpress.submittable.com/submit,Press,"Creative Nonfiction, Fiction, Poetry, Cross Genre Hybrid, Autobiography Memoir, Criticism Reviews, Essays, Experimental, Feminist, Graphic Novels Comics, Political, Regional, Reviews, Translation, Visual Art, Young Adult",1973-01-01,Publisher website
BkMk Press,39.1950029,-94.6821806,"Parkville, MO, USA",http://www.bkmkpress.org,Press,"Fiction, Poetry, Essays",1971-01-01,
Black Mountain Press,35.6178951,-82.3212302,"Black Mountain, NC 28711, USA",http://www.theblackmountainpress.com,"Magazine, Press","Fiction, Poetry, Essays, Graphic Novels Comics, Reviews, Translation, Visual Art",1994-01-01,
Black Square Editions/Off the Park Press Inc.,40.7127753,-74.0059728,"New York, NY, USA",http://blacksquareeditions.org,Press,"Fiction, Poetry, Essays, Translation, Visual Art",1999-01-01,Asterism Books and publisher website
Black Sunflowers Poetry Press,50.71505,-1.987248,"Poole, UK",http://blacksunflowerspoetry.com/,Chapbook,Poetry,2020-01-01,
BLF Press,39.169574,-86.5385549,"Bloomington, IN, USA",http://blfpress.com,Press,"Essays, Fiction, Poetry, Visual Art",2014-01-01,
Blue Cactus Press,47.2551307,-122.4419643,"Tacoma, WA, USA",http://www.bluecactuspress.com,Press,"Essays, Fiction, Poetry, Visual Art",2017-01-01,
BOA Editions,43.1565779,-77.6088465,"Rochester, NY, USA",http://www.boaeditions.org,Press,"Fiction, Poetry, Translation",1976-01-01,
Book*hug Press,43.6548253,-79.388447,"Toronto, ON, Canada",https://bookhugpress.ca/,Press,"Audio, Essays, Fiction, Poetry, Translation, Visual Art",2004-01-01,
Bordighera Press,40.7127753,-74.0059728,"New York, NY, USA",https://bordigherapress.org/,Press,"Essays, Fiction, Graphic Novels Comics, Poetry, Reviews, Translation, Visual Art",1989-01-01,Asterism Books and Ingram
Bottom Dog Press,41.1266687,-82.6483442,"Huron County, OH, USA",http://smithdocs.net,Press,"Fiction, Poetry, Visual Art",1985-01-01,
bramble press,36.0948221,-80.2434028,"Winston-Salem, NC, USA",https://brambleonline.com/,"Magazine, Press",Poetry,2025-01-01,
Brattle Street Publishing,29.5957696,-90.7195348,"Houma, LA, USA",https://brattlestreetreview.com/,"Online, Press","Creative Nonfiction, Fiction, Poetry, Autobiography Memoir, Drama, Essays, Horror Thriller Suspense, Humor, Mystery Crime, Political, Sci Fi Fantasy Speculative",2024-01-01,Amazon
Brick Cave Media,33.4151843,-111.8314724,"Mesa, AZ, USA",https://brickcave.media,Press,"Audio, Fiction, Poetry, Visual Art",2006-01-01,
Brickhouse Books,39.4354087,-76.6123884,"Timonium, MD, USA",https://brickhousebooks.com,Press,"Creative Nonfiction, Fiction, Poetry, Cross Genre Hybrid, Experimental, Feminist",1970-01-01,Publisher website
Bridian House,34.8674331,-92.1270445,"Jacksonville, AR, USA",https://www.bridianhouse.com,Press,"Creative Nonfiction, Fiction, Poetry, Autobiography Memoir, Horror Thriller Suspense, Mystery Crime, Political, Sci Fi Fantasy Speculative, Young Adult",2025-01-01,
Broadside Lotus Press,42.3297182,-83.0424533,"Detroit, MI, USA",http://www.broadsidelotuspress.org/,Press,Poetry,1965-01-01,
Brooklyn Arts Press / Augury Books,40.7190459,-73.9570832,"154 N 9th St #1, Brooklyn, NY 11211, USA",https://brooklynartspress.com/,Press,"Fiction, Poetry, Visual Art",2007-01-01,Asterism Books and publisher website
Buckman Publishing LLC,45.515232,-122.6783853,"Portland, OR, USA",https://www.buckmanpublishing.com/,Press,"Essays, Fiction, Graphic Novels Comics, Poetry, Reviews, Visual Art",2018-01-01,
Burningword Literary Journal,30.2240897,-92.0198427,"Lafayette, LA, USA",https://burningword.com/,"Magazine, Press","Creative Nonfiction, Fiction, Poetry, Visual Art",2000-01-01,
Button Poetry,45.0205565,-93.2179335,"St Anthony, MN, USA",https://www.buttonpoetry.com,Press,"Poetry, Visual Art",2011-01-01,
Calyx: A Journal of Art and Literature by Women,44.5646356,-123.2619607,"Corvallis, OR, USA",https://www.calyxpress.org/,"Magazine, Press","Fiction, Poetry, Criticism Reviews, Feminist, Interviews, Reviews, Visual Art",1976-01-01,
Carnegie Mellon University Press,40.4386612,-79.9972352,"Pittsburgh, PA, USA",https://www.cmu.edu/universitypress/,Press,"Creative Nonfiction, Fiction, Poetry, Autobiography Memoir, Drama, Essays, Regional, Translation",1972-01-01,Other
Casa Carlini,40.7127753,-74.0059728,"New York, NY, USA",https://casacarlini.com,Press,"Creative Nonfiction, Fiction, Poetry, Cross Genre Hybrid, Audio, Autobiography Memoir, Horror Thriller Suspense, Political, Sci Fi Fantasy Speculative, Young Adult",2023-01-01,
"CavanKerry Press, Ltd.",40.8521052,-73.9723174,"Fort Lee, NJ 07024, USA",http://cavankerrypress.org,Press,"Poetry, Visual Art",1999-01-01,
Cayena Press,40.7660427,-73.8758704,"East Elmhurst, Queens, NY, USA",http://cayenapress.org,Press,"Creative Nonfiction, Poetry",2019-01-01,
Changes,40.7127753,-74.0059728,"New York, NY, USA",http://www.changes.press,Press,Poetry,2021-01-01,Asterism Books
Charlotte Lit Press,35.2270768,-80.8408933,"Charlotte, NC, USA",https://www.charlottelit.org/press,Press,"Creative Nonfiction, Fiction, Poetry, Essays, Flash Fiction, Visual Art",2022-01-01,Ingram
Chax Press,32.2539787,-110.9741769,"Tucson, AZ, USA",https://chax.org,Press,"Essays, Fiction, Poetry, Visual Art",1984-01-01,
Chicory Press,41.70139,-71.155229,"Fall River, MA, USA",https://www.chicorypress.com/,Press,"Fiction, Poetry, Audio, Autobiography Memoir, Essays, Feminist, Horror Thriller Suspense, Mystery Crime, Regional, Sci Fi Fantasy Speculative",2023-01-01,
Circling Rivers,37.5374438,-77.5275463,"Richmond, VA 23225, USA",http://circlingrivers.com,Press,"Essays, Fiction, Poetry, Translation, Visual Art",2013-01-01,
Clare Songbirds Publishing House,42.9317335,-76.5660529,"Auburn, NY 13021, USA",https://www.claresongbirdspub.com/,Press,Poetry,2017-01-01,
Coach House Books,43.6548253,-79.388447,"Toronto, ON, Canada",http://www.chbooks.com,Press,"Fiction, Poetry, Translation, Visual Art",1997-01-01,
Codhill Press,40.7127753,-74.0059728,"New York, NY, USA",http://www.codhill.com,Press,"Fiction, Poetry, Translation, Visual Art",1999-01-01,
Coffee House Press,44.977753,-93.2650108,"Minneapolis, MN, USA",https://coffeehousepress.org/,Press,"Fiction, Poetry, Essays",1972-01-01,
Como un lugar,40.6781784,-73.9441579,"Brooklyn, NY, USA",https://www.comounlugar.com/en,Press,"Poetry, Cross Genre Hybrid, Essays",2022-01-01,
Compass Press at the Community College of Baltimore County,39.2905023,-76.6104072,"Baltimore, MD, USA",https://www.compasspressatccbc.com/,Press,"Creative Nonfiction, Fiction, Poetry, Cross Genre Hybrid, Essays",2023-01-01,IngramSpark
Concrete Wolf Poetry Series,44.6367836,-124.0534505,"Newport, OR, USA",http://ConcreteWolf.com,Press,Poetry,2001-01-01,
Conocimientos Press,38.4407394,-120.8548958,"Drytown, CA, USA",https://www.conocimientospressllc.com/,Press,"Fiction, Poetry, Cross Genre Hybrid, Autobiography Memoir, Feminist, Regional, Translation",2017-01-01,
Contra Mundum Press,40.6781784,-73.9441579,"Brooklyn, NY, USA",https://www.contramundumpress.com/,Press,"Fiction, Poetry, Essays, Reviews, Translation, Visual Art",2011-01-01,
Copper Canyon Press,48.1170387,-122.7604472,"Port Townsend, WA, USA",https://www.coppercanyonpress.org/,Press,Poetry,1972-01-01,
Cornerstone Press,44.5235792,-89.574563,"Stevens Point, WI, USA",http://www.uwsp.edu/cornerstone,Press,"Creative Nonfiction, Fiction, Poetry, Autobiography Memoir, Environment Nature, Essays",1984-01-01,
Corpus Callosum Press LLC,40.5862583,-98.3898726,"Hastings, NE, USA",https://www.corpuscallosumpress.com/,Press,"Creative Nonfiction, Fiction, Poetry, Cross Genre Hybrid, Autobiography Memoir, Drama, Environment Nature, Experimental, Feminist, Humor, Interviews, Visual Art",2017-01-01,
Coverstory books,53.387762,-0.333285,"Market Rasen LN8, UK",http://coverstorybooks.com,Press,"Fiction, Poetry",2017-01-01,
Coyote Arts,35.0843859,-106.650422,"Albuquerque, NM, USA",https://coyote-arts.com/,Press,"Fiction, Poetry, Essays, Translation, Visual Art",2020-01-01,
Crisis Chronicles Press,41.3916411,-81.7021049,"Cleveland, OH 44134, USA",http://ccpress.blogspot.com/,Press,"Fiction, Poetry, Visual Art",2008-01-01,
Cult. Magazine/Cult. Press,40.6781784,-73.9441579,"Brooklyn, NY, USA",https://www.cultmag.net/,"Magazine, Press","Audio, Essays, Fiction, Graphic Novels Comics, Poetry, Reviews, Translation, Visual Art",2022-01-01,
Curious Curls Publishing,40.4386612,-79.9972352,"Pittsburgh, PA, USA",https://www.curiouscurlspublishing.com/,Press,"Fiction, Poetry, Visual Art",2021-01-01,
Day Eight,38.9072873,-77.0369274,"Washington, DC, USA",http://dayeight.org,"Magazine, Press","Poetry, Reviews",2007-01-01,
Deerbrook Editions,43.8132979,-70.3870587,"Cumberland County, ME, USA",http://www.deerbrookeditions.com,Press,"Fiction, Poetry",2002-01-01,Publisher website
DENSE,40.7315293,-74.1744671,"Newark, NJ, USA",https://www.densemagazine.org,"Magazine, Online, Press","Creative Nonfiction, Poetry, Cross Genre Hybrid, Environment Nature, Essays, Experimental, Graphic Novels Comics, Regional, Sci Fi Fantasy Speculative, Visual Art",2021-01-01,
Diálogos / Lavender Ink,29.9508941,-90.0758356,"New Orleans, LA, USA",http://www.lavenderink.org,Press,"Fiction, Poetry, Translation, Visual Art",1995-01-01,
DILIM Press,38.7745565,-75.1393498,"Lewes, DE 19958, USA",https://www.dilimpress.com/,Press,"Fiction, Poetry, Experimental, Sci Fi Fantasy Speculative",2026-01-01,
DISCOUNT GUILLOTINE,40.7432847,-73.8549518,"Queens, NY, USA",https://www.discountguillotine.com,"Magazine, Press","Fiction, Poetry, Cross Genre Hybrid, Essays, Feminist, Interviews, Reviews, Translation",2024-01-01,
Downingfield Press,-37.8136276,144.9630576,"Melbourne VIC, Australia",https://downingfield.com/,Press,"Essays, Fiction, Poetry, Visual Art",2017-01-01,
Dream Pop Press,37.2709116,-79.9449495,"Roanoke, VA, USA",https://www.dreampoppress.net,Press,"Poetry, Reviews, Visual Art",2017-01-01,
DSTL Arts,34.0549076,-118.242643,"Los Angeles, CA, USA",https://DSTLArts.org,Press,"Fiction, Poetry, Essays, Graphic Novels Comics, Visual Art",2012-01-01,Publisher website
Dulzorada Press,32.9136363,-96.6364294,"Garland, TX, USA",http://dulzorada.com,Press,"Fiction, Graphic Novels Comics, Poetry, Translation, Visual Art",2019-01-01,
EastOver Press,41.7549658,-70.8452677,"Rochester, MA, USA",https://www.eastoverpress.com,"Online, Press","Essays, Fiction, Poetry, Visual Art",2020-01-01,
Echo Thread Books,40.4201165,-74.7146817,"Skillman, Montgomery, NJ 08558, USA",https://www.echothreadprojects.com,Press,Poetry,2024-01-01,
Edition Monhardt,52.4631759,13.3204022,"12163 Berlin-Steglitz-Zehlendorf, Germany",https://www.monhardt.de,Press,"Essays, Fiction, Poetry, Translation, Visual Art",2015-01-01,
Erie Street Press,41.8799533,-87.7795563,"Oak Park, IL, USA",https://www.eriestreetpress.com/,Press,Poetry,1979-01-01,
Etruscan Press,41.2459149,-75.8813075,"Wilkes-Barre, PA, USA",http://www.etruscanpress.org,Press,"Fiction, Poetry, Essays, Translation, Visual Art",2001-01-01,
Ex Ophidia Press,41.2565369,-95.9345034,"Omaha, NE, USA",https://exophidiapress.org,Press,Poetry,2016-01-01,
Fahmidan Journal,51.5072178,-0.1275862,"London, UK",https://www.fahmidan.net/,"Magazine, Press","Creative Nonfiction, Fiction, Poetry, Criticism Reviews, Environment Nature, Essays, Feminist, Flash Fiction, Horror Thriller Suspense, Humor, Interviews, Mystery Crime, Political, Regional, Reviews, Sci Fi Fantasy Speculative, Visual Art",2020-01-01,Amazon
"Fallen Tree Press, LLC",39.0992752,-76.8483061,"Laurel, MD, USA",https://www.fallentreepress.com,Press,Poetry,2022-01-01,
Featherproof Books,41.9013087,-87.6827676,"Chicago, IL 60622, USA",http://www.featherproof.com,Press,"Essays, Fiction, Poetry, Visual Art",2005-01-01,
FENCE,40.7643574,-73.9234619,"Astoria, Queens, NY, USA",http://www.fenceportal.org,"Magazine, Press","Fiction, Poetry, Audio, Essays, Reviews, Translation, Visual Art",1998-01-01,Ingram
Feral Dove,39.9525839,-75.1652215,"Philadelphia, PA, USA",https://feraldove.com/,"Magazine, Press","Creative Nonfiction, Fiction, Poetry, Cross Genre Hybrid, Audio, Autobiography Memoir, Drama, Essays, Experimental, Interviews, Sci Fi Fantasy Speculative, Visual Art",2020-01-01,
Fernwood Press,45.3003268,-122.9761318,"Newberg, OR 97132, USA",https://www.fernwoodpress.com/,Press,Poetry,2018-01-01,
Fifth Stanza Press,37.3841066,-122.2352443,"Portola Valley, CA, USA",https://www.fifthstanzapress.com/,Press,Poetry,2026-01-01,
fifth wheel press,39.4195499,-76.7802528,"Owings Mills, MD, USA",http://fifthwheelpress.com,Press,"Creative Nonfiction, Fiction, Poetry, Cross Genre Hybrid, Autobiography Memoir, Criticism Reviews, Drama, Essays, Experimental, Flash Fiction, Interviews, Reviews, Visual Art",2019-01-01,Asterism Books
First Matter Press,45.515232,-122.6783853,"Portland, OR, USA",https://www.firstmatterpress.org/,Press,"Essays, Fiction, Poetry, Visual Art",2017-01-01,
Flipped Mitten Press,41.4655515,-85.5876163,"Ligonier, IN 46767, USA",https://www.flippedmittenpress.com/,Press,"Fiction, Poetry, Visual Art",2021-01-01,
Foofaraw,38.2975381,-122.286865,"Napa, CA, USA",https://foofaraw.press,"Magazine, Online, Press","Creative Nonfiction, Fiction, Poetry, Cross Genre Hybrid, Audio, Criticism Reviews, Essays, Graphic Novels Comics, Interviews, Sci Fi Fantasy Speculative",2022-01-01,
Fork Apple Press,42.3875968,-71.0994968,"Somerville, MA, USA",https://www.forkapplepress.com/,Press,"Creative Nonfiction, Fiction, Poetry, Cross Genre Hybrid, Criticism Reviews, Environment Nature, Essays, Experimental, Feminist, Graphic Novels Comics, Interviews, Reviews",2024-01-01,
Fortuna Major Press,42.266757,-72.66898,"Easthampton, MA, USA",https://www.fortunamajorpress.com,"Magazine, Press","Creative Nonfiction, Fiction, Poetry, Cross Genre Hybrid, Autobiography Memoir, Criticism Reviews, Erotica, Essays, Feminist, Political, Reviews, Visual Art",2022-01-01,
Frayed Edge Press,39.9525839,-75.1652215,"Philadelphia, PA, USA",https://www.frayededgepress.com/,Press,"Fiction, Poetry, Translation, Visual Art",2016-01-01,
Fuente Fountain Books,45.515232,-122.6783853,"Portland, OR, USA",http://fuentebooks.com/index.html,Press,"Creative Nonfiction, Fiction, Poetry, Environment Nature, Essays, Feminist",2022-01-01,
Future Tense Books,45.515232,-122.6783853,"Portland, OR, USA",http://www.futuretensebooks.com,Press,"Creative Nonfiction, Fiction, Poetry, Cross Genre Hybrid, Autobiography Memoir, Essays, Experimental, Feminist, Humor, Visual Art",1992-01-01,Asterism Books and publisher website
Futurepoem Books,40.7127753,-74.0059728,"New York, NY, USA",http://www.futurepoem.com,Press,"Fiction, Poetry",2001-01-01,Asterism Books
Garden of Neuro Institute Publishing,41.7055897,-73.9283885,"Poughkeepsie, NY, USA",https://gardenofneuro.com/,Press,"Creative Nonfiction, Fiction, Poetry, Cross Genre Hybrid, Autobiography Memoir, Criticism Reviews, Essays, Feminist, Horror Thriller Suspense, Humor, Mystery Crime, Regional, Sci Fi Fantasy Speculative",2021-01-01,Amazon
Gasher Press,33.3528264,-111.789027,"Gilbert, AZ, USA",http://gasherpress.com,Press,Poetry,2018-01-01,Itasca Books and publisher website
Gen Society,33.4482948,-112.0725488,"Phoenix, AZ, USA",https://gensociety.com/,"Online, Press","Poetry, Cross Genre Hybrid, Experimental, Visual Art",2026-01-01,
Ghostbird Press,40.6806563,-73.4742914,"Massapequa, NY, USA",http://www.ghostbirdpress.org,Chapbook,"Essays, Fiction, Graphic Novels Comics, Poetry, Translation, Visual Art",2011-01-01,
Gigantic Tentacles Magazine,38.9764364,-76.489642,"Annapolis, MD, USA",https://www.gigantictentacles.com,"Magazine, Online, Press",Poetry,2024-01-01,
"Gival Press, LLC",38.8816208,-77.0909809,"Arlington County, Arlington, VA, USA",http://givalpress.com,Press,"Essays, Fiction, Poetry, Translation, Visual Art",1998-01-01,
Golias Books,35.9955684,-78.9002077,"Durham, NC, USA",http://www.goliasbooks.com,Press,"Poetry, Essays, Translation, Visual Art",2017-01-01,Asterism Books
Good Printed Things,34.8484984,-82.4000158,"Greenville, SC, USA",https://goodprintedthings.com/,Press,"Essays, Poetry, Visual Art",2021-01-01,
great weather for MEDIA,42.2528649,-73.790959,"Hudson, NY 12534, USA",https://www.greatweatherformedia.com/,Press,"Fiction, Poetry",2012-01-01,
Green Linden Press,41.7434092,-92.7232456,"Grinnell, IA 50112, USA",https://www.greenlindenpress.com/,"Magazine, Press","Creative Nonfiction, Fiction, Poetry, Cross Genre Hybrid, Criticism Reviews, Experimental, Interviews, Translation",2008-01-01,Asterism Books and publisher website
Gunpowder Press,34.420285,-119.698935,"Santa Barbara, CA, USA",http://gunpowderpress.com,Press,Poetry,2013-01-01,
Half Mystic,40.7127753,-74.0059728,"New York, NY, USA",http://halfmystic.com,"Magazine, Press","Creative Nonfiction, Fiction, Poetry, Cross Genre Hybrid, Autobiography Memoir, Drama, Environment Nature, Essays, Experimental, Feminist, Flash Fiction, Sci Fi Fantasy Speculative, Translation, Visual Art",2015-01-01,
Headmistress Press,48.0795365,-123.1018437,"Sequim, WA, USA",https://headmistresspress.blogspot.com,"Magazine, Press","Poetry, Visual Art",2010-01-01,
Henar Press,39.9625112,-83.0032218,"Columbus, OH, USA",https://henarpress.org,Press,"Creative Nonfiction, Fiction, Poetry, Cross Genre Hybrid, Autobiography Memoir, Drama, Experimental, Sci Fi Fantasy Speculative, Translation",2024-01-01,
her house publishing,40.6781784,-73.9441579,"Brooklyn, NY, USA",http://herhousepublishing.com,"Magazine, Press","Creative Nonfiction, Fiction, Poetry, Drama, Essays, Flash Fiction, Graphic Novels Comics, Humor, Mystery Crime, Religious, Sci Fi Fantasy Speculative, Visual Art, Young Adult",2020-01-01,
Hidden Hand Press,20.6751707,-103.3473385,"Guadalajara, Jalisco, Mexico",https://www.hiddenhandbooks.com,Press,"Poetry, Visual Art",2023-01-01,
Hidden River,39.9525839,-75.1652215,"Philadelphia, PA, USA",http://www.hiddenriverarts.com,Press,"Essays, Fiction, Poetry, Visual Art",2010-01-01,
Hidden Timber Books,43.0410344,-87.9096783,"Milwaukee, WI, USA",https://hiddentimberbooks.com/,Press,"Creative Nonfiction, Fiction, Poetry, Audio, Autobiography Memoir",,Ingram
Hobby Horse Press,40.6781784,-73.9441579,"Brooklyn, NY, USA",http://hobbyhorse.press,Press,"Fiction, Graphic Novels Comics, Poetry, Translation, Visual Art",2023-01-01,
Holland Park Press,51.586357,-2.102834,"Malmesbury SN16, UK",http://www.hollandparkpress.co.uk,Press,"Fiction, Poetry, Translation",2009-01-01,
Homodoxy,41.308274,-72.9278835,"New Haven, CT, USA",https://homodoxy.com,Press,"Creative Nonfiction, Fiction, Poetry, Cross Genre Hybrid, Autobiography Memoir, Erotica, Essays, Experimental, Feminist, Political, Religious, Sci Fi Fantasy Speculative, Translation",2025-01-01,Self-distribution
Host Publications,30.267153,-97.7430608,"Austin, TX, USA",https://hostpublications.com/,Press,"Fiction, Poetry",1988-01-01,Asterism Books
Hub City Press,34.9515959,-81.9327167,"Spartanburg, SC, USA",http://www.hubcity.org,Press,"Essays, Fiction, Poetry, Visual Art",1995-01-01,
iExile,34.0549076,-118.242643,"Los Angeles, CA, USA",https://iexile.com/,"Online, Press","Creative Nonfiction, Fiction, Poetry, Cross Genre Hybrid, Autobiography Memoir, Criticism Reviews, Drama, Essays, Experimental, Flash Fiction, Reviews, Translation",2007-01-01,
Incision Press,-33.7506759,150.687674,"Penrith NSW 2750, Australia",https://incisionpress.com/,Press,"Fiction, Poetry, Erotica, Experimental, Horror Thriller Suspense, Sci Fi Fantasy Speculative",2024-01-01,
Indolent Books,40.6781784,-73.9441579,"Brooklyn, NY, USA",http://www.indolentbooks.com/,Press,Poetry,2015-01-01,
Instar Books,40.6781784,-73.9441579,"Brooklyn, NY, USA",https://www.instarbooks.com,Press,"Creative Nonfiction, Fiction, Poetry, Cross Genre Hybrid, Erotica, Essays, Experimental, Feminist, Horror Thriller Suspense, Political, Sci Fi Fantasy Speculative",2014-01-01,Itasca Books and publisher website
International Human Rights Art Movement (IHRAM),40.7432847,-73.8549518,"Queens, NY, USA",https://humanrightsartmovement.org/,"Magazine, Press","Poetry, Environment Nature, Essays, Political, Regional, Visual Art, Young Adult",2018-01-01,
Inverted Syntax,40.1672068,-105.1019275,"Longmont, CO, USA",https://www.invertedsyntax.com,"Online, Press","Creative Nonfiction, Poetry, Flash Fiction, Visual Art",2018-01-01,
Invisible Publishing,43.6548253,-79.388447,"Toronto, ON, Canada",https://invisiblepublishing.com,Press,"Essays, Fiction, Poetry, Reviews, Translation, Visual Art",2007-01-01,
Jackdaw Press & Jackdaw Review,32.715738,-117.1610838,"San Diego, CA, USA",http://jackdawpress.com,"Online, Press","Poetry, Visual Art",2024-01-01,
JackLeg Press,38.9072873,-77.0369274,"Washington, DC, USA",http://www.jacklegpress.org,Press,"Fiction, Poetry",2020-01-01,
Jerry Jazz Musician,45.515232,-122.6783853,"Portland, OR, USA",https://www.jerryjazzmusician.com/,"Magazine, Online, Press","Creative Nonfiction, Fiction, Poetry, Essays, Interviews, Political",1999-01-01,Other
June Road Press,40.045824,-75.4395931,"Berwyn, PA, USA",https://www.juneroadpress.com,Press,Poetry,2020-01-01,Asterism Books and other
Kallisto Gaia Press,30.7857464,-97.2749968,"Davilla, TX 76511, USA",http://www.kallistogaiapress.org,Press,"Fiction, Poetry, Essays, Visual Art",2015-01-01,
Kate Hitt & Many Names Press,40.8829072,-123.9839488,"Blue Lake, CA, USA",https://manynamespress.com,Press,"Creative Nonfiction, Fiction, Poetry, Cross Genre Hybrid, Environment Nature, Essays, Feminist, Visual Art",1993-01-01,
Kattywompus Press,42.3808757,-71.1002881,"Somerville, MA 02143, USA",http://www.kattywompuspress.com/,Press,"Fiction, Poetry, Essays, Graphic Novels Comics, Visual Art",2010-01-01,
KayTell Publishing,39.2905023,-76.6104072,"Baltimore, MD, USA",https://www.kaytellinkpublishing.com/,"Magazine, Press","Audio, Essays, Fiction, Graphic Novels Comics, Poetry, Reviews, Visual Art",2021-01-01,
KB Writes Publishing Company,35.1485812,-90.0518955,"Memphis, TN, USA",https://kbwrite.com,"Magazine, Press","Fiction, Poetry, Audio, Autobiography Memoir, Criticism Reviews, Drama, Essays, Experimental, Horror Thriller Suspense, Humor, Interviews, Mystery Crime, Regional, Religious, Reviews, Sci Fi Fantasy Speculative, Visual Art, Young Adult",2017-01-01,
Kelsay Books,40.3768954,-111.7957645,"American Fork, UT 84003, USA",https://kelsaybooks.com/,Press,Poetry,2013-01-01,
"Kinsman Avenue Publishing, Inc.",43.1565779,-77.6088465,"Rochester, NY, USA",https://www.kinsmanquarterly.org/,"Magazine, Press","Essays, Fiction, Poetry, Reviews, Visual Art",2023-01-01,
Laertes,35.9131996,-79.0558445,"Chapel Hill, NC, USA",http://www.laertesbooks.org,Press,"Essays, Fiction, Poetry, Translation",2017-01-01,
Lefty Blondie Press,40.4250514,-79.6665277,"Murrysville, PA, USA",https://www.leftyblondiepress.com/,Press,Poetry,2012-01-01,
Lightning Ink Press Co.,37.33548,-121.893028,"San Jose, CA, USA",https://www.lightninginkpress.com,Press,"Creative Nonfiction, Fiction, Poetry, Cross Genre Hybrid, Autobiography Memoir, Criticism Reviews, Essays, Feminist, Humor, Political, Regional",2023-01-01,
Lily Poetry Review Books,42.0806564,-70.935599,"Whitman, MA 02382, USA",https://lilypoetryreview.blog,"Magazine, Press",Poetry,2018-01-01,
Limberlost Press,43.6150186,-116.2023137,"Boise, ID, USA",https://www.Limberlostpress.com,"Magazine, Press","Creative Nonfiction, Fiction, Poetry, Autobiography Memoir, Criticism Reviews, Essays, Interviews, Reviews, Translation, Visual Art",1976-01-01,Amazon and other
Litmus Press,40.6781784,-73.9441579,"Brooklyn, NY, USA",http://www.litmuspress.org,Press,"Fiction, Poetry, Essays, Translation, Visual Art",2004-01-01,Asterism Books
Loblolly Press,35.5360973,-82.6927363,"Candler, NC 28715, USA",https://www.loblollypress.com/,Press,"Creative Nonfiction, Fiction, Poetry, Cross Genre Hybrid, Audio, Criticism Reviews, Environment Nature, Essays, Feminist, Interviews, Regional",2023-01-01,Self-distribution
Lookout Books,34.2103894,-77.8868117,"Wilmington, NC, USA",https://lookout.org/,Press,"Fiction, Poetry, Essays, Visual Art",2009-01-01,
Lost & Found: The CUNY Poetics Document Initiative,40.7486355,-73.9838082,"New York, NY, USA",http://lostandfoundbooks.org,Press,"Poetry, Cross Genre Hybrid, Autobiography Memoir, Essays, Interviews, Political, Translation",2010-01-01,Asterism Books and publisher website
Lost Horse Press,42.0853204,-83.6824384,"Milan, MI 48160, USA",http://www.losthorsepress.org,Press,"Creative Nonfiction, Poetry, Essays, Translation",1998-01-01,Asterism Books and other
Lost Kite Editions,44.977753,-93.2650108,"Minneapolis, MN, USA",http://lostkite.org,Press,"Creative Nonfiction, Fiction, Poetry, Cross Genre Hybrid, Audio, Autobiography Memoir, Drama, Environment Nature, Essays, Experimental, Feminist, Horror Thriller Suspense, Humor, Interviews, Mystery Crime, Political, Regional, Sci Fi Fantasy Speculative, Translation, Visual Art",2026-01-01,Itasca Books
Lost Penny Press,41.88325,-87.6323879,"Chicago, IL, USA",https://lostpennypress.com/,Press,"Poetry, Drama",2025-01-01,Publisher website
Madville Publishing,33.1192875,-97.0255641,"Lake Dallas, TX 75065, USA",https://madvillepublishing.com,Press,"Audio, Essays, Fiction, Graphic Novels Comics, Poetry, Visual Art",2018-01-01,
Magic Helicopter Press,35.616067,-105.8525154,"Santa Fe, NM 87505, USA",http://www.magichelicopterpress.com,Press,"Audio, Essays, Fiction, Poetry, Translation, Visual Art",2007-01-01,
Making Waves: A West Michigan Review,43.9552825,-86.4525831,"Ludington, MI 49431, USA",http://www.ludingtonwriters.org/mwwm,"Magazine, Press","Fiction, Poetry, Audio, Essays, Graphic Novels Comics, Reviews, Translation, Visual Art",2014-01-01,
Manic D Press,37.7749295,-122.4194155,"San Francisco, CA, USA",https://www.manicdpress.com,Press,"Essays, Fiction, Graphic Novels Comics, Poetry, Translation, Visual Art",1984-01-01,
"Marsh Hawk Press, Inc.",40.6420477,-73.6695747,"East Rockaway, NY, USA",https://www.marshhawkpress.org,Press,Poetry,2001-01-01,Independent Publishers Group
Mason Jar Press,39.2905023,-76.6104072,"Baltimore, MD, USA",https://masonjarpress.com,Press,"Creative Nonfiction, Fiction, Poetry, Cross Genre Hybrid, Autobiography Memoir, Experimental",2014-01-01,Asterism Books and publisher website
Match Factory Editions,41.88325,-87.6323879,"Chicago, IL, USA",https://matchfactoryeditions.com/,Press,"Creative Nonfiction, Fiction, Poetry, Cross Genre Hybrid, Autobiography Memoir, Drama, Essays, Experimental, Feminist, Graphic Novels Comics, Sci Fi Fantasy Speculative, Translation",2025-01-01,
Mayapple Press,42.0323639,-74.0845595,"Woodstock, NY 12498, USA",http://www.mayapplepress.com,Press,"Fiction, Poetry, Translation, Visual Art",1979-01-01,Ingram and publisher website
Meadowlark Press,38.403903,-96.1816626,"Emporia, KS 66801, USA",https://www.meadowlarkbookstore.com/,Press,"Essays, Fiction, Poetry, Visual Art",2014-01-01,
Mercer University Press,32.8362271,-83.6320478,"Macon, GA, USA",https://www.mupress.org/,Press,"Creative Nonfiction, Fiction, Poetry, Cross Genre Hybrid, Autobiography Memoir, Criticism Reviews, Environment Nature, Essays, Mystery Crime, Regional, Religious",1979-01-01,
Micromance Magazine,36.1625445,-85.4988041,"Cookeville, TN, USA",http://micromancemagazine.substack.com,"Online, Press","Fiction, Poetry, Flash Fiction",2024-01-01,
Middle West Press LLC,41.6729856,-93.6977354,"Johnston, IA, USA",http://www.middlewestpress.com,Press,"Essays, Fiction, Poetry, Visual Art",2003-01-01,
Milk and Cake Press,39.3988679,-84.5587838,"Hamilton, OH, USA",https://milkandcakepress.wordpress.com,Press,Poetry,2018-01-01,
Milltown Press,48.0517637,-122.1770818,"Marysville, WA, USA",https://milltownpress.com/,Press,"Creative Nonfiction, Fiction, Poetry, Cross Genre Hybrid, Autobiography Memoir, Essays, Graphic Novels Comics, Visual Art",2021-01-01,
Minerva Projects,41.9798143,-73.6559602,"Pine Plains, NY 12567, USA",https://minervaprojects.org/,Press,"Creative Nonfiction, Fiction, Poetry, Feminist, Interviews, Translation, Visual Art",2017-01-01,Publisher website
Minerva Rising Press,27.9516896,-82.4587527,"Tampa, FL, USA",http://minervarising.com/,Press,"Fiction, Poetry, Essays, Reviews, Visual Art",2012-01-01,
Miracle Monocle,38.2468618,-85.7663724,"Louisville, KY, USA",https://louisville.edu/miraclemonocle,"Online, Press","Creative Nonfiction, Fiction, Poetry, Cross Genre Hybrid, Autobiography Memoir, Criticism Reviews, Essays, Experimental, Feminist, Graphic Novels Comics, Interviews, Reviews, Translation, Visual Art",2009-01-01,
Monday Editions,32.3142451,-106.7797529,"Las Cruces, NM, USA",https://www.mondayeditions.com,Press,"Poetry, Essays",2024-01-01,
Mountain State Press,38.4415766,-81.9175839,"Scott Depot, Teays Valley, WV 25560, USA",https://www.mountainstatepress.org,Press,"Creative Nonfiction, Fiction, Poetry, Autobiography Memoir, Essays, Feminist, Regional",1978-01-01,
Mouthfeel Press,30.7235263,-95.5507771,"Huntsville, TX, USA",https://www.mouthfeelbooks.com,Press,"Fiction, Poetry, Translation, Visual Art",2009-01-01,Ingram and publisher website
Nat 1 Publishing,44.0978509,-70.2311655,"Auburn, ME 04210, USA",https://nat1publishing.com/,Press,"Creative Nonfiction, Fiction, Poetry, Cross Genre Hybrid, Erotica, Experimental, Flash Fiction, Horror Thriller Suspense, Humor, Sci Fi Fantasy Speculative, Visual Art, Young Adult",2022-01-01,Amazon and other
New American Press,43.3197265,-87.9534226,"Grafton, WI 53024, USA",http://www.newamericanpress.com,Press,"Essays, Fiction, Poetry, Reviews, Translation, Visual Art",2002-01-01,
New Croton Review,41.2804112,-73.8714752,"Cortlandt Manor, NY 10567, USA",https://NewCrotonReview.com,"Magazine, Press","Creative Nonfiction, Fiction, Poetry, Essays, Flash Fiction, Humor, Visual Art",2022-01-01,
new words {press},40.7127753,-74.0059728,"New York, NY, USA",https://newwordspress.com,Press,Poetry,2023-01-01,
Next Page Press,29.4251905,-98.4945922,"San Antonio, TX, USA",http://www.nextpage-press.com,Press,Poetry,2021-01-01,
Night Picnic Press LLC,40.7127753,-74.0059728,"New York, NY, USA",https://www.nightpicnic.net,"Magazine, Press","Essays, Fiction, Poetry, Visual Art",2018-01-01,
Nightshade Press,41.5567167,-75.7552706,"La Plume, La Plume Township, PA, USA",https://www.keystone.edu/presses/nightshade-press/,Press,"Fiction, Poetry, Visual Art",1988-01-01,
Nine Mile Art Corp,42.9119147,-76.1125902,"Lafayette, NY 13084, USA",http://www.ninemile.org,"Magazine, Press",Poetry,2013-01-01,Publisher website
Noco Books,47.6061389,-122.3328481,"Seattle, WA, USA",https://www.nocobo.co,"Magazine, Press","Creative Nonfiction, Fiction, Poetry, Cross Genre Hybrid, Autobiography Memoir, Criticism Reviews, Essays, Experimental",2024-01-01,
Nomadic Press,37.8043514,-122.2711639,"Oakland, CA, USA",http://www.nomadicpress.org,Press,"Fiction, Poetry, Reviews, Translation, Visual Art",2011-01-01,
NornCrafts,47.6061389,-122.3328481,"Seattle, WA, USA",https://norncrafts.com,"Online, Press","Creative Nonfiction, Fiction, Poetry, Cross Genre Hybrid, Audio, Drama, Graphic Novels Comics, Humor, Mystery Crime, Visual Art",2025-01-01,IngramSpark
North Texas Review,33.2165858,-97.1324105,"Denton, TX, USA",https://northtexasreview.com,"Magazine, Press","Creative Nonfiction, Fiction, Poetry, Audio, Criticism Reviews, Essays, Visual Art",1972-01-01,
Octopus Books,41.2565369,-95.9345034,"Omaha, NE, USA",https://www.octopusbooks.net/,Press,Poetry,2006-01-01,Publisher website
Odessa Collective,29.7600771,-95.3701108,"Houston, TX, USA",http://www.odessacollective.com,"Magazine, Press","Essays, Fiction, Poetry, Visual Art",2021-01-01,
Old Scratch Press,34.1442616,-118.0019482,"Monrovia, CA, USA",https://oldscratchpress.com,"Magazine, Press","Creative Nonfiction, Fiction, Poetry, Cross Genre Hybrid, Autobiography Memoir, Visual Art",2023-01-01,
ONE BLACK PERCH PUBLISHING,41.5680898,-87.7203257,"Country Club Hills, IL 60478, USA",http://www.OneBlackPerchPublishing.com,"Magazine, Press","Creative Nonfiction, Fiction, Poetry, Cross Genre Hybrid, Audio, Autobiography Memoir, Criticism Reviews, Drama, Environment Nature, Erotica, Essays, Experimental, Feminist, Graphic Novels Comics, Horror Thriller Suspense, Humor, Interviews, Mystery Crime, Political, Regional, Religious, Reviews, Sci Fi Fantasy Speculative, Translation, Visual Art, Young Adult",2021-01-01,
Open Books,39.5979553,-105.2077798,"Morrison, CO 80465, USA",http://www.open-bks.com,Press,"Essays, Fiction, Poetry, Visual Art",2007-01-01,
Oreades Press,40.6781784,-73.9441579,"Brooklyn, NY, USA",https://oreadespress.com,Press,"Creative Nonfiction, Fiction, Poetry, Cross Genre Hybrid, Environment Nature, Essays, Experimental, Interviews, Regional, Visual Art",2014-01-01,
Our Bold Voices,45.515232,-122.6783853,"Portland, OR, USA",https://www.ourboldvoices.com/,"Online, Press","Creative Nonfiction, Fiction, Poetry, Autobiography Memoir, Flash Fiction",2016-01-01,
Paddler Press,44.3047061,-78.3199606,"Peterborough, ON, Canada",http://paddlerpress.ca,Press,"Poetry, Visual Art",2021-01-01,
PalmArtPress,52.5200066,13.404954,"Berlin, Germany",https://www.palmartpress.com,Press,"Creative Nonfiction, Fiction, Poetry, Cross Genre Hybrid, Audio, Autobiography Memoir, Criticism Reviews, Drama, Essays, Experimental, Translation, Visual Art",2008-01-01,Amazon and other
Paloma Press,37.5629917,-122.3255254,"San Mateo, CA, USA",https://palomapress.org,Press,"Creative Nonfiction, Fiction, Poetry, Environment Nature",2016-01-01,
Parlor Press,34.5034394,-82.6501332,"Anderson, SC, USA",https://parlorpress.com,Press,"Creative Nonfiction, Poetry, Cross Genre Hybrid, Criticism Reviews, Essays, Feminist",2002-01-01,
Passager,39.2905023,-76.6104072,"Baltimore, MD, USA",http://www.passagerbooks.com,"Magazine, Press","Fiction, Poetry, Autobiography Memoir, Visual Art",1990-01-01,Itasca Books and publisher website
Peculiar Mormyrid,33.7501275,-84.3885209,"Atlanta, GA, USA",https://peculiarmormyrid.com/,"Magazine, Press","Fiction, Poetry, Cross Genre Hybrid, Experimental",2015-01-01,
Pelekinesis,34.0966764,-117.7197785,"Claremont, CA, USA",http://www.pelekinesis.com,Press,"Fiction, Poetry, Essays, Graphic Novels Comics, Visual Art",2011-01-01,Ingram and publisher website
Persea Books,40.7127753,-74.0059728,"New York, NY, USA",http://www.perseabooks.com,Press,"Creative Nonfiction, Fiction, Poetry, Cross Genre Hybrid, Autobiography Memoir, Environment Nature, Essays, Experimental, Feminist, Flash Fiction, Translation",1975-01-01,
Perugia Press,42.335505,-72.6719853,"Florence, Northampton, MA, USA",https://perugiapress.org,Press,Poetry,1997-01-01,Asterism Books and publisher website
PHIL LIT Journal,34.2073196,-84.1401926,"Cumming, GA, USA",https://www.PHILLITJournal.com,"Magazine, Online, Press","Creative Nonfiction, Fiction, Poetry, Cross Genre Hybrid, Environment Nature, Essays, Experimental, Feminist, Humor, Interviews, Sci Fi Fantasy Speculative, Visual Art, Young Adult",2025-01-01,Other
Pierian Springs Press,44.7971939,-106.9561791,"Sheridan, WY 82801, USA",http://pierianspringspress.com,Press,"Fiction, Poetry, Audio, Essays, Graphic Novels Comics, Translation, Visual Art",2012-01-01,
Pile Press,45.515232,-122.6783853,"Portland, OR, USA",https://pilepress.com,"Magazine, Press","Creative Nonfiction, Fiction, Poetry, Essays, Feminist, Graphic Novels Comics, Interviews, Regional, Sci Fi Fantasy Speculative, Visual Art",2021-01-01,Other
PM Press,42.0971204,-75.9116546,"Binghamton, NY, USA",https://www.pmpress.org/,Press,"Creative Nonfiction, Fiction, Poetry, Audio, Autobiography Memoir, Criticism Reviews, Environment Nature, Essays, Feminist, Graphic Novels Comics, Horror Thriller Suspense, Humor, Interviews, Mystery Crime, Political, Regional, Sci Fi Fantasy Speculative, Translation, Visual Art, Young Adult",2007-01-01,
Poetic Matrix Press,36.96,-120.06,"Madera, CA 93639, USA",http://www.poeticmatrix.com,Press,"Poetry, Visual Art",1997-01-01,
Poetose,42.3132414,-71.1141118,"Jamaica Plain, Boston, MA, USA",https://poetose.com,Press,"Audio, Essays, Fiction, Poetry, Reviews, Translation, Visual Art",2016-01-01,
Poetry Society of Vermont,44.2600593,-72.5753869,"Montpelier, VT 05602, USA",https://poetrysocietyofvermont.org,Press,Poetry,1947-01-01,
Poets & Traitors Press,40.6781784,-73.9441579,"Brooklyn, NY, USA",http://www.poets-traitors.com,Press,"Poetry, Translation",2017-01-01,
Porphyry Press,61.4330692,-142.9229248,"McCarthy, AK 99566, USA",https://porphyry.press/,Press,"Creative Nonfiction, Fiction, Poetry, Cross Genre Hybrid, Audio, Autobiography Memoir, Environment Nature, Essays, Experimental, Feminist, Regional",2021-01-01,
Prolific Pulse Press LLC,35.7795897,-78.6381787,"Raleigh, NC, USA",https://www.prolificpulse.com/,Press,"Creative Nonfiction, Fiction, Poetry, Humor, Interviews, Reviews, Visual Art, Young Adult",2021-01-01,
Provincetown Arts Press,42.0547136,-70.1846012,"Provincetown, MA, USA",https://provincetownarts.org,"Magazine, Press","Creative Nonfiction, Fiction, Poetry, Cross Genre Hybrid, Autobiography Memoir, Criticism Reviews, Essays, Interviews, Reviews, Visual Art",1985-01-01,
Pulley Press,47.6061389,-122.3328481,"Seattle, WA, USA",https://www.pulleypress.com/,Press,Poetry,2020-01-01,Ingram
Puncher and Wattmann,-32.9051037,151.7238805,"Waratah NSW 2298, Australia",https://puncherandwattmann.com/,Press,"Creative Nonfiction, Fiction, Poetry, Essays",2003-01-01,
Radiator Press,39.9525839,-75.1652215,"Philadelphia, PA, USA",https://radiatorpress.org/,Press,"Creative Nonfiction, Fiction, Poetry, Cross Genre Hybrid, Autobiography Memoir, Essays, Experimental",2018-01-01,Publisher website
Radix Printing & Publishing Cooperative,40.6815619,-73.9785952,"Brooklyn, NY 11217, USA",https://radix.coop/,Press,"Creative Nonfiction, Fiction, Poetry, Cross Genre Hybrid, Autobiography Memoir, Essays, Feminist, Graphic Novels Comics, Horror Thriller Suspense, Political, Sci Fi Fantasy Speculative, Visual Art",2010-01-01,Asterism Books and other
Rainproof Press,42.3555076,-71.0565364,"Boston, MA, USA",https://www.rainproofpress.com/,Press,"Fiction, Poetry, Visual Art",2023-01-01,
Red Bird Chapbooks,44.9908014,-93.0962099,"Little Canada, MN 55117, USA",http://www.redbirdchapbooks.com,Chapbook,"Essays, Fiction, Graphic Novels Comics, Poetry, Visual Art",2010-01-01,
Red Hen Press,34.17,-118.13,"Pasadena, CA 91114, USA",http://www.redhen.org,Press,"Essays, Fiction, Poetry, Translation, Visual Art",1994-01-01,
Red Rook Press,33.21031,-87.5658722,"Tuscaloosa, AL, USA",https://redrookpress.org/,Press,"Creative Nonfiction, Fiction, Poetry",2022-01-01,
Red Shoe Press,45.4869283,-122.804032,"Beaverton, OR, USA",https://www.facebook.com/RedShoePress,Press,"Poetry, Environment Nature",2022-01-01,
Redhawk Publications,35.7344538,-81.3444573,"Hickory, NC, USA",https://RedhawkPublications.com,Press,"Fiction, Graphic Novels Comics, Poetry, Visual Art",2017-01-01,
Rejected Literature Magazine,45.6793119,-111.037259,"Bozeman, MT, USA",https://www.rejectedlit.com/,"Magazine, Press","Poetry, Criticism Reviews, Experimental, Political, Regional, Religious",2021-01-01,
Resolute Bear Press,45.0781324,-67.1094283,"Robbinston, ME, USA",https://www.facebook.com/resolute.bear.press/,Press,"Fiction, Poetry, Visual Art",2008-01-01,
Riot of Roses Publishing House,33.9754423,-118.0326781,"Whittier, CA, USA",https://www.riotofrosespublishinghouse.com/,Press,"Creative Nonfiction, Poetry, Cross Genre Hybrid, Autobiography Memoir, Essays, Feminist, Graphic Novels Comics, Political, Sci Fi Fantasy Speculative, Visual Art",2021-01-01,IngramSpark
Roadside Press,37.1694632,-104.5005407,"Trinidad, CO 81082, USA",https://roadsidefam.com/,Press,"Essays, Fiction, Graphic Novels Comics, Poetry, Visual Art",2022-01-01,
Room: A Sketchbook for Analytic Action,40.7127753,-74.0059728,"New York, NY, USA",http://www.analytic-room.com,"Magazine, Press","Fiction, Poetry, Essays, Reviews, Translation, Visual Art",2017-01-01,
Rose Metal Press,42.3317642,-71.1211635,"Brookline, MA, USA",http://www.rosemetalpress.com,Press,"Fiction, Poetry, Essays, Visual Art",2006-01-01,Itasca Books and publisher website
Roving Eye Press,39.4195499,-76.7802528,"Owings Mills, MD, USA",https://rovingeyepress.umbc.edu/,Press,"Poetry, Visual Art",2014-01-01,
"Saint Julian Press, Inc.",29.7600771,-95.3701108,"Houston, TX, USA",http://www.saintjulianpress.com/index.html,Press,"Fiction, Poetry, Reviews, Translation, Visual Art",2011-01-01,
Salt Bloom Literary Journal,41.8489872,-72.5717551,"South Windsor, CT, USA",http://saltbloom.org,Press,"Creative Nonfiction, Fiction, Poetry, Drama",2026-01-01,Other
Santa Fe Writers Project,35.6894307,-105.9381944,"Santa Fe, NM, USA",http://sfwp.com/,Press,"Essays, Fiction, Poetry, Visual Art",1998-01-01,
Sarabande Books,38.2468618,-85.7663724,"Louisville, KY, USA",http://www.sarabandebooks.org,Press,"Fiction, Poetry, Essays",1994-01-01,
Saturnalia Books,40.0067785,-75.2854622,"Ardmore, PA, USA",http://www.saturnaliabooks.org,Press,"Poetry, Visual Art",2001-01-01,
Scientists & Poets,42.1748823,-73.5827352,"Craryville, Copake, NY, USA",https://www.scientistsandpoets.com,Press,"Creative Nonfiction, Fiction, Poetry, Autobiography Memoir, Drama, Essays",2016-01-01,Amazon and other
Scrambler Books,38.5449065,-121.7405167,"Davis, CA, USA",https://thescrambler.com,Press,"Fiction, Poetry",2003-01-01,Publisher website
Sea Crow Press LLC,42.4500845,-73.2453824,"Pittsfield, MA 01201, USA",http://seacrowpress.com,Press,"Creative Nonfiction, Fiction, Poetry, Cross Genre Hybrid, Environment Nature, Essays, Feminist, Mystery Crime, Regional, Young Adult",2020-01-01,Other
Sheepshead Review,44.5133188,-88.0132958,"Green Bay, WI, USA",https://sheepsheadreview.com,"Magazine, Press","Fiction, Poetry, Essays, Visual Art",1975-01-01,
Shipwreckt Books Publishing Company,44.0553908,-91.6663523,"Winona, MN 55987, USA",http://shipwrecktbooks.press,"Magazine, Press","Fiction, Poetry, Essays, Reviews, Visual Art",2013-01-01,
Sibling Rivalry Press,34.756104,-92.2677497,"North Little Rock, AR, USA",https://www.siblingrivalrypress.com,Press,"Creative Nonfiction, Fiction, Poetry",2010-01-01,Ingram
Silent River,33.6845673,-117.8265049,"Irvine, CA, USA",https://silentriver.us/,"Magazine, Press","Creative Nonfiction, Fiction, Poetry, Cross Genre Hybrid, Audio, Criticism Reviews, Environment Nature, Essays, Experimental, Feminist, Interviews, Reviews, Translation, Visual Art",2010-01-01,IngramSpark
Slant Books,47.9186216,-122.5542458,"Hansville, WA, USA",https://slantbooks.org/,Press,"Creative Nonfiction, Fiction, Poetry, Audio, Autobiography Memoir, Criticism Reviews, Drama, Essays, Mystery Crime, Religious, Translation, Visual Art",2013-01-01,
Slate Roof Press,42.6959093,-72.4528885,"Northfield, MA, USA",http://www.slateroofpress.com,Chapbook,Poetry,2004-01-01,
Solum Literary Press,33.4948764,-111.9216734,"Scottsdale, AZ, USA",https://www.solumpress.com,Press,"Audio, Essays, Fiction, Poetry, Visual Art",2020-01-01,
South Broadway Press,39.7392358,-104.990251,"Denver, CO, USA",https://www.southbroadwaypress.org,Press,"Poetry, Criticism Reviews, Essays, Experimental, Interviews, Reviews",2018-01-01,
Spout Press,44.977753,-93.2650108,"Minneapolis, MN, USA",https://www.spoutpress.org/,Press,"Creative Nonfiction, Fiction, Poetry, Cross Genre Hybrid, Drama, Essays, Experimental, Visual Art",1989-01-01,Asterism Books and publisher website
Spuyten Duyvil,40.6815619,-73.9785952,"Brooklyn, NY 11217, USA",http://www.spuytenduyvil.net,Press,"Audio, Essays, Fiction, Graphic Novels Comics, Poetry, Translation, Visual Art",1982-01-01,
Stalking Horse Press,35.6894307,-105.9381944,"Santa Fe, NM, USA",https://www.stalkinghorsepress.com,Press,"Fiction, Poetry, Criticism Reviews, Experimental, Graphic Novels Comics, Mystery Crime, Sci Fi Fantasy Speculative",2015-01-01,Ingram
Stellaria Creative Company,37.048345,-122.0168296,"Scotts Valley, CA 95066, USA",https://www.stellariacreativecompany.com/,Press,"Creative Nonfiction, Fiction, Poetry, Cross Genre Hybrid, Audio, Drama, Environment Nature, Experimental, Feminist, Graphic Novels Comics, Interviews, Mystery Crime, Sci Fi Fantasy Speculative, Young Adult",2013-01-01,
Sterncastle Publishing,44.6367836,-124.0534505,"Newport, OR, USA",https://sterncastle.org,Press,"Fiction, Poetry, Cross Genre Hybrid, Autobiography Memoir, Drama, Environment Nature, Feminist, Graphic Novels Comics, Horror Thriller Suspense, Humor, Mystery Crime, Regional, Sci Fi Fantasy Speculative, Young Adult",2022-01-01,
Stillhouse Press,38.8454321,-77.3209555,"Fairfax, VA 22030, USA",http://www.stillhousepress.org/,Press,"Essays, Fiction, Poetry, Visual Art",2014-01-01,
Strange Incorporated,40.7432847,-73.8549518,"Queens, NY, USA",https://strangeincorporated.org,Press,"Fiction, Poetry, Visual Art",2014-01-01,
Sundress Publications,36.0103561,-84.2696449,"Oak Ridge, TN, USA",http://www.sundresspublications.com,Press,"Creative Nonfiction, Fiction, Poetry, Cross Genre Hybrid, Autobiography Memoir",2000-01-01,
Switchback Books,39.9205411,-105.0866504,"Broomfield, CO, USA",https://www.switchbackbooks.com/,Press,Poetry,2006-01-01,Asterism Books
Tamara MC Mag & Press,32.2539787,-110.9741769,"Tucson, AZ, USA",https://tamaramc.com/,"Magazine, Press","Creative Nonfiction, Poetry, Cross Genre Hybrid, Audio, Autobiography Memoir, Criticism Reviews, Environment Nature, Essays, Experimental, Feminist, Humor, Interviews, Political, Regional, Religious, Reviews",2025-01-01,
Tender Buttons Press,40.7127753,-74.0059728,"New York, NY, USA",http://www.tenderbuttonspress.com,Press,"Poetry, Translation, Visual Art",1989-01-01,Asterism Books
The 3rd Thing,47.0451842,-122.895355,"Olympia, WA, USA",https://the3rdthing.press,Press,"Creative Nonfiction, Fiction, Poetry, Cross Genre Hybrid, Autobiography Memoir, Essays, Experimental, Feminist, Graphic Novels Comics, Visual Art",2019-01-01,Asterism Books and publisher website
The American Poetry Review,39.9525839,-75.1652215,"Philadelphia, PA, USA",https://www.aprweb.org/,"Magazine, Press","Fiction, Poetry, Essays, Reviews, Translation, Visual Art",1972-01-01,
The Antonym Collections,22.1366735,88.556531,"South 24 Parganas, West Bengal, India",https://antonymcollection.com/,"Magazine, Online, Press","Creative Nonfiction, Fiction, Poetry, Autobiography Memoir, Essays, Experimental, Feminist, Graphic Novels Comics, Horror Thriller Suspense, Interviews, Mystery Crime, Reviews, Sci Fi Fantasy Speculative, Translation, Young Adult",2023-01-01,
The Baffler,40.7127753,-74.0059728,"New York, NY, USA",https://thebaffler.com/,"Magazine, Press","Creative Nonfiction, Fiction, Poetry, Cross Genre Hybrid, Criticism Reviews, Environment Nature, Essays, Experimental, Feminist, Humor, Interviews, Political, Regional, Reviews, Sci Fi Fantasy Speculative, Translation, Visual Art",1988-01-01,
The Birren Center for Autobiographical Studies,33.6101702,-117.7251162,"Laguna Woods, CA, USA",https://thebirrencenter.org/,Press,"Fiction, Poetry, Essays, Reviews, Translation, Visual Art",1998-01-01,
The Brussels Review,50.8053171,4.1545677,"1750 Lennik, Belgium",https://thebrusselsreview.com,"Magazine, Press","Creative Nonfiction, Fiction, Poetry, Cross Genre Hybrid, Autobiography Memoir, Criticism Reviews, Environment Nature, Erotica, Essays, Experimental, Feminist, Flash Fiction, Graphic Novels Comics, Horror Thriller Suspense, Humor, Interviews, Mystery Crime, Political, Regional, Religious, Reviews, Sci Fi Fantasy Speculative, Translation, Visual Art, Young Adult",2024-01-01,
The Journal of Experimental Fiction,42.0883603,-87.9806265,"Arlington Heights, IL, USA",https://www.experimentalfiction.com,Press,"Audio, Essays, Fiction, Poetry",1986-01-01,
The Louisville Review Corporation,38.2468618,-85.7663724,"Louisville, KY, USA",http://www.louisvillereview.org,"Magazine, Press","Creative Nonfiction, Fiction, Poetry, Cross Genre Hybrid, Experimental",1976-01-01,
The Lune,40.0189728,-105.2747406,"Boulder, CO, USA",http://poetsonearth.com/,Chapbook,"Fiction, Poetry, Essays, Reviews, Translation, Visual Art",2015-01-01,
The New York Quarterly,40.7127753,-74.0059728,"New York, NY, USA",http://www.nyq.org,"Magazine, Press","Poetry, Essays",1969-01-01,Asterism Books
The Poetry Box,45.515232,-122.6783853,"Portland, OR, USA",https://thepoetrybox.com,Press,Poetry,2012-01-01,
The Song Cave,40.6781784,-73.9441579,"Brooklyn, NY, USA",http://www.the-song-cave.com,Press,"Poetry, Essays, Translation, Visual Art",2009-01-01,Distributed Art Publishers and publisher website
The Telling Room,43.670822,-70.2843825,"Portland, ME, USA",https://www.tellingroom.org/,Press,"Fiction, Poetry, Audio, Essays, Graphic Novels Comics, Visual Art",2006-01-01,
the Thieving Magpie,34.1509272,-118.4486989,"Sherman Oaks, Los Angeles, CA, USA",https://thievingmagpie.org,"Online, Press","Fiction, Poetry, Autobiography Memoir, Essays, Visual Art",2017-01-01,
The Vagabond's Verse,39.7913685,-74.9293769,"Berlin, NJ, USA",https://www.thevagabondsverse.org/,"Magazine, Online, Press","Creative Nonfiction, Fiction, Poetry, Cross Genre Hybrid, Audio, Autobiography Memoir, Criticism Reviews, Drama, Essays, Experimental, Flash Fiction, Humor, Interviews, Political, Regional, Religious, Reviews, Sci Fi Fantasy Speculative, Translation, Visual Art, Young Adult",2024-01-01,Amazon
The Word Works,38.9072873,-77.0369274,"Washington, DC, USA",http://www.wordworksbooks.org/,Press,Poetry,1974-01-01,Ingram and publisher website
The Word's Faire,39.7592225,-84.1936144,"Dayton, OH, USA",https://thewordsfaire.com,Press,"Fiction, Poetry, Audio, Essays, Graphic Novels Comics, Reviews, Visual Art",2024-01-01,
Thirty West Publishing House,40.121497,-75.3399048,"Norristown, PA, USA",http://thirtywestph.com,Press,"Fiction, Poetry, Audio, Visual Art",2015-01-01,
Toad Hall Editions,44.3377823,-68.9613175,"Northport, ME, USA",https://www.toadhalleditions.ink,Press,"Essays, Fiction, Graphic Novels Comics, Poetry, Visual Art",2021-01-01,
Tolsun Books,35.1982836,-111.651302,"Flagstaff, AZ, USA",https://tolsunbooks.com/,Press,"Essays, Fiction, Graphic Novels Comics, Poetry, Translation, Visual Art",2018-01-01,
Tough Poets Press,42.4153925,-71.1564729,"Arlington, MA, USA",https://www.toughpoets.com/,Press,"Creative Nonfiction, Fiction, Poetry, Autobiography Memoir, Drama, Essays, Experimental, Feminist, Interviews, Translation, Visual Art",2015-01-01,
trace press,43.6548253,-79.388447,"Toronto, ON, Canada",https://tracepress.org,Press,"Creative Nonfiction, Fiction, Poetry, Cross Genre Hybrid, Autobiography Memoir, Criticism Reviews, Essays, Experimental, Feminist, Political, Translation",2019-01-01,
Trio House Press,44.977753,-93.2650108,"Minneapolis, MN, USA",http://www.triohousepress.org,Press,"Creative Nonfiction, Poetry, Audio, Autobiography Memoir, Environment Nature, Essays, Feminist, Regional, Translation",2012-01-01,Ingram
troublemaker firestarter,40.0373304,-74.9623077,"Riverside, NJ 08075, USA",https://troublemakerfirestarter.com/,Chapbook,"Fiction, Poetry, Visual Art",2021-01-01,
Tulipwood Books,47.5706548,-122.2220673,"Mercer Island, WA, USA",https://tulipwood.org,Press,"Poetry, Feminist",2024-01-01,
Turtle Point Press,40.6781784,-73.9441579,"Brooklyn, NY, USA",http://www.turtlepointpress.com,Press,"Essays, Fiction, Poetry, Translation, Visual Art",1990-01-01,
Twelve House Books,29.8921835,-81.3139313,"St. Augustine, FL, USA",https://twelve-house-books.org/,Press,"Fiction, Poetry, Essays, Visual Art",2018-01-01,
Ugly Duckling Presse,40.6781784,-73.9441579,"Brooklyn, NY, USA",http://www.uglyducklingpresse.org,Press,"Fiction, Poetry, Audio, Drama, Essays, Experimental, Translation, Visual Art",2000-01-01,
Unbound Edition Press,33.7501275,-84.3885209,"Atlanta, GA, USA",http://www.unboundedition.com,"Magazine, Press","Fiction, Poetry, Essays, Visual Art",2019-01-01,
Under the BQE,40.6781784,-73.9441579,"Brooklyn, NY, USA",https://underthebqe.com,Press,"Fiction, Poetry, Essays, Humor, Young Adult",2024-01-01,
Unsolicited Press,45.515232,-122.6783853,"Portland, OR, USA",https://www.unsolicitedpress.com/,Press,"Fiction, Poetry, Essays, Visual Art",2012-01-01,
Upright Remington Press,39.9425241,-75.1164689,"Camden, NJ, USA",https://nickvirgiliohaiku.org/shop/,"Online, Press",Poetry,2019-01-01,
Variant Literature Inc,36.0968098,-79.269663,"Mebane, NC, USA",https://www.variantlit.com,Press,"Fiction, Graphic Novels Comics, Poetry, Visual Art",2019-01-01,Asterism Books
Violet Winding Stars Press,39.158168,-75.5243682,"Dover, DE, USA",https://www.violetwindingstarspress.com/,Press,"Fiction, Poetry, Cross Genre Hybrid, Experimental",2023-01-01,
Vita & the Woolf,52.095481,1.312571,"Woodbridge, UK",https://sites.google.com/d/1zxvg9nvd1l7qz2wZWv9xhYEOi43AJLGE/p/1b5vY_Vb1sFDqKnmLQcUaxSRM1OUM_S2N/edit,"Magazine, Press","Fiction, Poetry, Visual Art",2024-01-01,Amazon
Voice & Virtue,41.88325,-87.6323879,"Chicago, IL, USA",http://www.voicexvirtue.com,"Magazine, Press","Creative Nonfiction, Fiction, Poetry, Essays, Flash Fiction, Political, Religious, Reviews, Visual Art",2024-01-01,
Wake Forest University Press,36.0948221,-80.2434028,"Winston-Salem, NC, USA",http://wfupress.wfu.edu,Press,Poetry,1975-01-01,
Watershed Press,47.6061389,-122.3328481,"Seattle, WA, USA",https://watershedpress.org,Press,"Poetry, Visual Art",2023-01-01,
What Books Press,34.0900384,-118.6050361,"Topanga, CA, USA",https://www.whatbookspress.com/,Press,"Creative Nonfiction, Fiction, Poetry, Cross Genre Hybrid, Autobiography Memoir, Environment Nature, Essays, Experimental, Feminist, Sci Fi Fantasy Speculative, Translation",2009-01-01,Ingram
Whittle Micro-Press,39.51291,-76.6074575,"Phoenix, MD 21131, USA",https://whittlemicropress.com,"Online, Press","Poetry, Cross Genre Hybrid",2023-01-01,
Wild Poet Press,45.4869283,-122.804032,"Beaverton, OR, USA",https://wildpoetpress.com,Press,Poetry,2025-01-01,
Wildhouse Publishing,42.3555076,-71.0565364,"Boston, MA, USA",https://wildhousepublishing.com/,Press,"Creative Nonfiction, Fiction, Poetry, Cross Genre Hybrid, Autobiography Memoir, Religious, Sci Fi Fantasy Speculative, Visual Art, Young Adult",2021-01-01,
Winter Editions,40.6781784,-73.9441579,"Brooklyn, NY, USA",https://www.wintereditions.net/,Press,"Creative Nonfiction, Fiction, Poetry, Cross Genre Hybrid, Autobiography Memoir, Essays, Experimental, Feminist, Political, Translation",2023-01-01,Asterism Books and publisher website
Wising Up Press,33.7752916,-84.3042618,"Decatur, GA 30031, USA",http://www.universaltable.org,Press,"Audio, Essays, Fiction, Poetry, Visual Art",2007-01-01,
word west,40.6781784,-73.9441579,"Brooklyn, NY, USA",https://www.wordwest.co,"Magazine, Press","Fiction, Poetry, Visual Art",2019-01-01,
WordFarm,47.6061389,-122.3328481,"Seattle, WA, USA",http://www.wordfarm.net,Press,"Essays, Fiction, Poetry, Visual Art",2002-01-01,Amazon
Words Of We,54.6871555,25.2796514,"Vilnius, Vilnius City Municipality, Lithuania",https://wordsofwe.com/,"Magazine, Online, Press","Creative Nonfiction, Poetry, Cross Genre Hybrid, Audio, Essays",2025-01-01,
World Poetry Books,40.6781784,-73.9441579,"Brooklyn, NY, USA",http://worldpoetrybooks.com,Press,"Poetry, Translation",2017-01-01,Asterism Books and publisher website
WRIGHTINGS,27.7963877,-97.4030121,"Corpus Christi, TX, USA",http://rightwrightwrite.blogspot.com/?m=1,Press,"Essays, Fiction, Poetry, Visual Art",2023-01-01,
Written Tales,45.7827769,-108.5045938,"Billings, MT, USA",https://www.writtentales.com,"Magazine, Press","Creative Nonfiction, Fiction, Poetry, Cross Genre Hybrid, Essays, Experimental, Flash Fiction, Horror Thriller Suspense, Humor, Interviews, Mystery Crime, Sci Fi Fantasy Speculative, Young Adult",2016-01-01,
Yawning Fox Press,40.643007,-111.2807384,"Kamas, UT 84036, USA",https://yawningfoxpress.org,Press,"Creative Nonfiction, Fiction, Poetry, Cross Genre Hybrid, Environment Nature, Experimental",2023-01-01,
YesYes Books,45.515232,-122.6783853,"Portland, OR, USA",https://www.yesyesbooks.com/,Press,"Fiction, Poetry, Visual Art",2011-01-01,
Zio Apollo Press,32.715738,-117.1610838,"San Diego, CA, USA",https://www.zioapollopress.com,Press,"Fiction, Poetry, Essays, Graphic Novels Comics, Translation, Visual Art",2019-01-01,
